Instances,,,CAmpactor (psi=0),,,,CAmpactor (psi=0.1),,,,CAmpactor (psi=0.2),,,,CAmpactor (psi=0.3),,,,CAmpactor (psi=0.4),,,,CAmpactor (psi=0.5),,,,CAmpactor (psi=0.6),,,,CAmpactor (psi=0.7),,,,CAmpactor (psi=0.8),,,,CAmpactor (psi=0.9),,,,CAmpactor (psi=1.0),
,,mini_size,avg_size,avg_runtime,,mini_size,avg_size,avg_runtime,,mini_size,avg_size,avg_runtime,,mini_size,avg_size,avg_runtime,,mini_size,avg_size,avg_runtime,,mini_size,avg_size,avg_runtime,,mini_size,avg_size,avg_runtime,,mini_size,avg_size,avg_runtime,,mini_size,avg_size,avg_runtime,,mini_size,avg_size,avg_runtime,,mini_size,avg_size,avg_runtime
E-shop,,23,27.7,0.5800,,17,17.0,0.7420,,16,16.9,0.7740,,16,16.7,0.9930,,16,16.8,0.7540,,17,17.0,0.6870,,16,16.9,0.8960,,17,17.0,0.6900,,17,17.0,0.7590,,17,17.0,0.7320,,16,16.9,0.9420
XSEngine,,97,102.2,35.2580,,48,49.7,277.4590,,46,48.2,337.9770,,47,48.5,366.8770,,47,47.9,469.6750,,45,47.7,495.7830,,44,47.2,627.3570,,45,47.1,707.8160,,45,48.0,576.4560,,46,47.2,964.3270,,45,46.9,1129.9020
aaed2000,,134,137.3,45.1570,,62,65.8,485.1290,,61,64.8,623.7600,,62,64.9,703.8080,,63,64.5,865.2220,,63,64.5,762.6870,,62,63.9,1037.1470,,60,63.2,1105.4440,,62,64.2,837.2050,,63,63.6,1456.4810,,63,64.2,1231.8330
adder,,99,102.5,34.1960,,48,49.4,196.0130,,47,49.2,284.8190,,47,48.1,489.8020,,45,47.5,518.8100,,46,47.6,642.6430,,47,48.5,496.0880,,47,48.4,574.6080,,46,47.3,568.9060,,47,48.0,438.0850,,45,46.4,628.7860
adderII,,93,101.8,36.0060,,47,49.2,304.2380,,46,48.5,361.5650,,46,48.7,392.6520,,46,48.2,405.8170,,46,47.8,586.5600,,46,47.8,595.9890,,46,47.4,753.0010,,44,47.2,654.1790,,45,47.1,924.5920,,46,47.7,733.8400
aeb,,93,99.5,32.4110,,44,46.4,243.9680,,44,45.2,309.4460,,44,45.2,326.1710,,44,45.0,465.3880,,43,44.4,548.2280,,44,45.2,486.9090,,43,44.7,719.0520,,44,44.6,533.4050,,42,44.2,770.2020,,43,44.4,842.9360
aim711,,100,105.2,36.4790,,47,49.1,217.3000,,47,48.3,339.0220,,48,48.3,433.9940,,45,47.9,522.9860,,45,47.8,549.0840,,46,47.7,539.2220,,46,47.1,792.9940,,45,47.7,558.1310,,46,47.6,572.4820,,45,47.1,788.2540
aki3068net,,98,104.0,31.6090,,47,48.5,235.3100,,48,48.7,281.3950,,47,47.9,457.7200,,44,47.0,545.3050,,44,46.9,585.2690,,45,47.3,531.1350,,44,46.5,682.7320,,45,47.4,564.1090,,44,47.0,751.6550,,45,47.2,765.0950
am31_sim,,88,92.9,31.5890,,43,44.6,218.5830,,43,44.5,270.8540,,42,43.5,352.0270,,43,44.1,340.4410,,42,43.1,389.0550,,42,44.0,410.6100,,41,43.2,582.6900,,42,43.6,434.7650,,42,43.5,619.7810,,41,43.7,544.0670
asb,,92,98.3,31.4900,,45,46.0,177.1670,,42,45.1,262.2170,,42,44.1,444.8800,,42,43.9,405.3960,,42,43.5,519.8260,,42,44.0,539.4430,,43,44.2,528.5350,,43,43.9,492.9080,,42,43.4,494.8010,,43,43.5,574.4150
asb2305,,93,97.6,31.2440,,44,45.8,247.5490,,43,45.3,271.8670,,43,44.3,418.1390,,43,44.3,407.8350,,43,44.0,497.2740,,42,43.9,513.7680,,41,43.7,532.2730,,43,43.7,713.5910,,43,43.8,766.1400,,43,44.3,647.8600
assabet,,94,100.6,32.7110,,44,46.3,264.5110,,44,45.2,313.3070,,42,44.4,466.1520,,43,44.3,462.3900,,42,43.8,528.7420,,43,45.2,516.2460,,43,44.1,540.0520,,42,43.4,869.3940,,41,43.8,793.0700,,43,44.2,840.7590
at91sam7sek,,92,98.5,35.1860,,44,45.5,241.3610,,43,45.2,347.7680,,43,44.5,437.1520,,43,44.6,504.9110,,44,44.3,572.0160,,43,43.9,673.3800,,43,44.1,622.0390,,43,43.3,784.9990,,43,44.3,481.4120,,44,44.0,485.6740
at91sam7xek,,98,103.5,40.5540,,46,49.0,312.2280,,46,48.6,377.1330,,46,47.9,471.2100,,46,47.5,691.7650,,46,47.1,702.0400,,45,47.5,722.2600,,46,47.9,677.3700,,46,47.7,927.7300,,46,47.8,713.6010,,47,47.2,777.5930
atlas_mips32_4kc,,101,104.3,31.1380,,47,49.6,207.9970,,45,48.0,347.4090,,46,48.2,393.3010,,47,47.7,443.2300,,45,47.7,533.7270,,46,47.5,570.9530,,45,47.5,503.2010,,45,46.8,704.7710,,45,47.3,630.1340,,45,47.4,624.7130
atlas_mips64_5kc,,97,101.5,30.7260,,48,50.2,174.7430,,46,47.9,371.0980,,45,47.6,378.1250,,46,47.2,493.8120,,46,47.5,559.4870,,46,47.9,527.0960,,45,47.4,533.8190,,46,47.6,541.4930,,46,47.3,747.9190,,46,47.2,853.6620
axtls,,31,33.0,0.0800,,27,27.1,0.2440,,27,27.0,0.1940,,27,27.0,0.1800,,27,27.0,0.1950,,27,27.0,0.1450,,27,27.0,0.1790,,27,27.0,0.1270,,27,27.0,0.1090,,27,27.0,0.1240,,27,27.0,0.1080
brutus,,88,94.8,31.9780,,43,45.2,233.1280,,43,44.6,291.6370,,42,44.0,344.9260,,42,44.0,399.1400,,42,43.9,500.7010,,42,43.5,554.2610,,42,43.6,677.2310,,42,44.0,557.0210,,43,43.3,654.7300,,42,43.1,763.1990
buildroot,,25,26.6,2.0360,,16,16.0,2.6260,,16,16.0,2.8280,,16,16.0,2.3800,,16,16.0,2.8310,,16,16.0,2.6520,,16,16.0,2.7620,,16,16.0,2.7930,,16,16.0,2.8060,,16,16.2,2.7520,,16,16.1,2.9230
busybox_1_28_0,,54,56.8,13.9340,,24,24.7,64.3160,,24,24.6,64.8970,,24,24.3,78.4940,,24,24.5,90.1520,,24,24.8,77.4040,,24,24.5,106.8910,,24,24.9,84.1020,,24,24.7,85.7810,,24,24.7,117.3990,,24,24.8,124.8930
calm16_ceb,,94,97.3,31.1270,,43,45.2,215.7040,,43,44.9,250.6640,,41,44.0,359.5010,,43,44.8,317.1410,,42,43.3,498.8450,,42,44.0,403.7220,,41,43.3,544.3650,,43,43.7,576.5460,,42,43.6,549.5600,,42,43.5,741.8550
calm32_ceb,,88,96.5,31.1240,,44,45.5,196.4030,,43,44.3,298.6170,,42,44.3,303.0500,,43,44.0,436.7580,,42,43.9,480.0060,,41,43.3,419.9580,,42,43.7,479.7110,,42,43.5,611.9010,,42,43.7,544.7140,,41,43.4,754.1070
ceb_v850,,90,96.3,29.0910,,44,46.0,190.2020,,42,43.7,341.9220,,42,43.5,361.5640,,43,44.0,391.6330,,41,43.6,471.8470,,43,43.8,458.9180,,42,43.6,530.3640,,42,44.0,553.6730,,42,43.7,638.4530,,41,43.3,693.3830
cerf,,96,106.3,35.6260,,47,50.7,280.9230,,48,49.8,334.1090,,47,49.0,491.6060,,47,48.7,485.5950,,47,49.0,463.0090,,46,48.1,693.8680,,47,48.4,720.0390,,46,47.9,846.0820,,45,48.0,911.7280,,46,48.3,829.3020
cerfpda,,99,105.4,35.2100,,47,50.7,255.7110,,46,48.5,413.6590,,46,48.2,557.2680,,46,48.9,492.9240,,46,48.8,597.6700,,46,47.9,621.8270,,46,47.8,718.2250,,46,47.9,805.3040,,47,48.4,616.2220,,46,47.5,826.7570
cma230,,89,95.0,32.6390,,42,44.8,273.2010,,42,44.5,329.5260,,43,44.1,398.7490,,43,44.5,379.5240,,43,44.0,443.2030,,42,43.4,540.7770,,42,43.2,701.2570,,42,43.1,638.2800,,40,42.9,746.5270,,42,43.4,767.5950
cma28x,,89,93.4,31.5400,,43,45.5,222.3280,,44,44.6,281.7530,,43,44.2,267.2400,,41,43.2,446.0010,,42,43.6,397.8310,,42,43.4,459.7750,,42,43.3,607.2230,,42,43.1,606.8850,,41,42.7,788.8960,,41,43.1,728.5730
cme555,,87,96.5,34.4510,,44,46.2,223.8710,,44,45.3,277.8380,,43,44.5,364.7680,,43,44.0,446.3720,,42,44.3,449.0650,,42,43.6,562.0160,,42,43.9,544.0640,,42,43.3,649.9170,,43,43.6,768.6110,,42,43.5,651.7660
cq7708,,109,116.3,38.8030,,54,58.0,341.0840,,55,56.7,489.3560,,53,55.9,597.8590,,53,54.9,686.3050,,55,56.5,568.7210,,53,54.4,958.1180,,54,54.8,842.2980,,53,55.1,869.6670,,53,54.3,1160.3420,,53,54.5,1253.1510
cq7750,,96,100.0,33.9690,,44,46.6,241.9970,,45,46.1,315.9360,,45,46.1,341.7100,,44,45.5,477.8590,,43,45.1,546.0340,,44,45.6,650.1270,,43,44.5,653.5850,,43,44.8,680.5230,,43,44.8,742.7920,,44,44.9,846.1090
csb281,,101,107.5,36.0560,,52,53.4,283.4080,,49,52.2,313.5100,,50,52.0,329.8680,,50,52.3,289.8700,,48,50.7,647.4460,,50,51.4,517.4890,,50,51.5,538.7860,,50,51.2,594.9750,,50,51.5,650.1950,,50,51.1,811.2350
dreamcast,,100,107.7,37.8130,,50,53.2,273.9140,,49,52.2,373.2680,,50,50.7,554.5260,,49,50.9,616.0710,,48,50.7,657.7090,,49,51.0,579.9360,,49,50.5,698.2690,,49,50.2,840.8970,,48,50.4,861.4240,,48,50.3,838.4030
e7t,,101,105.0,35.2940,,48,50.1,247.0220,,47,48.6,327.3260,,46,47.4,443.8060,,46,48.2,442.0090,,46,47.5,481.5380,,45,47.6,575.7010,,44,46.3,867.9290,,47,48.1,538.4570,,46,47.6,599.2780,,44,47.1,846.7260
ea2468,,101,104.4,46.1240,,47,49.2,313.5180,,47,48.9,460.9370,,45,47.9,596.6130,,46,47.7,628.1630,,46,48.2,698.2590,,45,47.5,788.3330,,45,47.1,896.4390,,45,47.5,892.4190,,46,47.1,916.9840,,46,47.1,1021.1700
eb40,,92,97.3,36.4090,,44,46.0,242.0950,,43,45.0,307.3140,,43,45.3,330.7600,,43,44.7,388.0710,,43,44.2,457.4870,,42,44.3,475.4470,,42,43.8,703.2900,,43,44.5,505.5550,,42,43.8,622.2540,,42,43.5,834.1560
eb40a,,91,96.1,39.8270,,45,46.4,226.7000,,44,45.3,321.7520,,43,44.6,318.9030,,42,44.0,576.4710,,43,43.8,578.2440,,43,44.6,514.1980,,41,43.6,630.0980,,42,43.5,908.2360,,42,43.6,748.1020,,42,43.2,896.0640
eb42,,91,95.5,33.5190,,44,45.4,282.7950,,43,45.2,299.6770,,42,44.1,401.8170,,43,43.9,436.0250,,42,43.8,437.3050,,42,43.4,656.7200,,43,44.0,585.2110,,42,43.3,598.7520,,42,43.7,687.3990,,41,43.8,654.1790
eb55,,93,98.4,34.2400,,44,45.3,261.9990,,43,44.9,325.2060,,43,44.8,364.2370,,43,44.1,497.3560,,43,44.3,506.2530,,42,44.1,465.6880,,43,44.2,674.8990,,43,44.4,691.0000,,41,43.6,728.5020,,42,43.8,799.1950
ebsa285,,103,107.7,38.3010,,51,53.3,321.0250,,51,52.4,408.6840,,50,52.1,437.6330,,50,52.1,500.0070,,50,51.7,622.8000,,50,51.9,760.1580,,49,51.3,783.7190,,46,51.7,755.0300,,50,51.7,679.4070,,49,51.3,810.9710
ec555,,94,98.1,31.2090,,42,45.2,224.0940,,43,44.5,346.8440,,43,44.6,344.7740,,42,44.1,406.0280,,42,43.5,616.9310,,42,44.3,490.3920,,42,44.0,528.6710,,42,43.7,615.1690,,43,43.6,833.0920,,43,44.1,650.5840
ecos-icse11,,97,102.1,37.4250,,47,48.7,242.8210,,46,48.5,270.2880,,46,47.4,458.2200,,46,47.1,381.6530,,45,47.0,426.0710,,47,47.7,427.4740,,45,46.5,586.1820,,46,47.1,573.8130,,45,47.3,591.2400,,46,47.4,625.7170
edb7xxx,,98,102.3,36.0570,,48,50.4,266.5050,,47,49.2,341.1110,,45,47.7,433.5140,,46,47.4,551.9310,,46,47.5,575.3710,,46,48.0,628.1970,,45,47.9,510.4800,,47,47.7,974.7280,,46,47.7,743.5610,,46,47.5,735.3800
edosk2674,,92,99.8,33.6010,,46,48.9,224.4370,,46,48.4,314.0130,,47,47.7,359.0240,,44,47.3,469.0910,,45,47.0,508.4460,,46,47.1,461.1510,,45,46.5,659.8720,,45,47.0,539.2680,,45,46.7,703.1810,,46,46.8,687.1130
excalibur_arm9,,111,116.9,44.6010,,56,57.5,378.2180,,55,56.7,512.8890,,54,55.7,650.7940,,55,56.1,523.5130,,54,55.1,946.9280,,55,55.6,845.2250,,54,55.0,1037.1560,,53,55.4,1039.4510,,54,54.6,1364.7550,,54,54.7,1500.6790
fads,,90,94.0,35.3340,,42,45.0,215.9850,,42,44.0,301.3110,,41,43.6,389.9410,,42,43.9,395.3330,,43,43.7,419.7390,,43,43.5,458.4980,,42,43.6,466.2330,,43,43.3,548.7200,,42,43.7,544.9220,,42,43.3,619.1400
flexanet,,101,106.4,35.9910,,49,50.4,280.5210,,47,49.8,318.8050,,47,48.8,459.9070,,45,48.2,522.4680,,47,48.1,652.8170,,47,48.5,629.0130,,46,47.5,828.3910,,46,47.9,783.4890,,46,48.3,882.5690,,46,48.2,942.2060
freebsd-icse11,,107,114.5,45.8040,,53,56.2,354.4020,,51,53.5,439.2410,,48,51.8,523.8980,,50,52.7,509.9890,,49,51.3,829.9110,,49,51.5,884.8830,,48,51.2,847.4940,,47,50.5,1209.0460,,49,51.5,927.7150,,48,50.6,1014.6750
frv400,,95,101.8,35.2270,,47,48.9,203.5680,,45,48.1,298.1520,,46,48.1,348.5630,,46,47.2,521.6750,,44,47.1,622.9720,,46,46.8,755.6880,,45,46.8,655.9280,,46,47.7,571.2370,,45,46.8,760.4270,,45,46.9,748.8750
gps4020,,88,95.6,37.5810,,44,46.3,222.0880,,44,44.6,258.9950,,42,44.3,379.7150,,42,44.0,399.1100,,42,43.8,462.8700,,43,43.9,432.1870,,42,43.7,550.7700,,43,43.7,550.7540,,43,43.7,630.3300,,42,43.6,573.3770
grg,,95,101.8,33.2970,,47,49.0,236.8630,,46,47.8,317.0860,,46,47.4,451.4570,,46,46.8,559.6850,,44,48.0,384.4440,,45,47.4,602.5040,,44,46.8,691.2770,,44,46.9,800.1740,,46,46.7,841.4690,,45,47.3,837.8790
h8300h_sim,,90,95.1,35.2830,,43,44.6,203.3320,,42,44.1,286.2490,,42,43.7,289.5670,,41,43.4,360.7750,,42,43.4,442.0200,,43,43.9,438.2430,,43,43.7,433.5230,,41,42.8,608.0450,,43,43.8,462.9810,,42,43.3,677.7060
h8max,,97,101.9,32.7350,,48,49.8,228.8210,,47,48.5,342.0040,,46,47.8,422.5850,,46,48.1,461.2550,,45,47.5,486.3080,,47,47.8,493.1090,,45,47.0,622.5310,,45,47.6,535.5100,,45,46.5,818.0680,,46,47.2,713.5450
h8s_sim,,89,91.7,35.6730,,44,45.4,212.5320,,42,44.0,277.9990,,43,44.3,354.3570,,42,43.7,378.5130,,42,43.5,447.5950,,42,43.6,460.4450,,42,43.2,666.4450,,41,42.9,627.0070,,42,43.3,582.7120,,42,43.5,607.9220
hs7729pci,,127,132.0,50.1570,,62,64.4,439.1580,,62,64.0,590.3370,,61,62.8,828.8770,,61,63.2,856.6710,,62,63.1,814.8840,,60,63.0,1015.3080,,61,62.4,1252.1300,,60,62.1,1135.6000,,60,62.0,1507.2880,,61,62.5,1440.1540
innovator,,125,133.0,44.7300,,64,67.3,413.5840,,62,65.0,407.4450,,61,64.4,565.9390,,61,64.3,543.2410,,61,62.8,760.8410,,62,63.6,833.1120,,61,62.8,1094.4530,,62,63.8,964.2430,,61,63.5,907.2180,,60,63.9,793.3550
integrator_arm7,,98,103.2,37.4330,,46,48.7,237.4030,,46,48.1,320.7560,,46,48.1,476.9640,,46,47.6,592.1850,,46,48.0,419.0740,,47,47.4,619.9230,,46,47.2,532.3300,,47,48.2,588.4580,,46,47.4,790.1870,,44,47.5,986.0930
integrator_arm9,,115,117.4,37.8410,,58,60.1,324.8720,,58,59.8,419.0780,,57,58.8,570.0550,,57,58.6,598.2170,,56,58.5,695.9460,,57,58.2,848.7850,,57,58.6,801.5330,,56,58.1,795.2890,,56,58.2,944.9420,,57,58.2,1104.6250
ipaq,,93,98.4,43.9290,,45,46.6,214.2650,,43,44.4,397.1710,,43,44.7,402.2370,,43,44.5,384.2140,,43,43.9,645.7060,,42,44.2,573.2140,,41,43.5,720.2620,,42,43.7,721.7030,,42,43.8,745.9640,,43,43.9,748.0500
iq80310,,96,100.9,36.3530,,46,49.4,267.9990,,46,48.1,408.1940,,45,47.6,480.0780,,46,48.2,479.3160,,46,47.7,545.4900,,46,47.5,514.7740,,46,47.4,553.4620,,45,47.3,616.2520,,46,47.1,725.9430,,45,46.6,859.5810
iq80321,,98,101.2,32.5620,,48,50.0,226.4180,,46,48.1,354.3150,,47,48.9,362.7410,,46,47.5,487.9470,,46,47.0,685.7390,,45,47.1,651.7070,,45,47.4,603.2030,,45,46.4,791.7130,,45,47.5,765.6020,,46,46.9,862.0390
ixdp425,,99,102.3,32.0710,,47,49.3,242.8000,,46,48.3,308.4200,,47,48.5,340.5690,,45,47.4,406.3140,,45,46.9,569.1800,,45,46.8,545.3120,,45,46.5,668.1540,,45,47.2,681.8100,,45,46.5,666.5160,,44,46.3,1033.0410
jmr3904,,89,94.0,35.9440,,45,46.4,173.4720,,43,44.7,311.4580,,42,43.5,409.0100,,42,44.5,359.4230,,42,44.0,437.2030,,43,44.0,469.9820,,43,44.2,558.1040,,42,43.9,517.2870,,43,44.2,506.9940,,41,43.2,907.4580
jtst,,91,97.7,36.6610,,44,45.8,277.8560,,44,45.6,310.5630,,44,44.7,383.0570,,43,44.8,430.0140,,42,44.4,639.6420,,43,44.4,562.2460,,42,44.3,669.7880,,43,44.4,706.6100,,42,43.7,792.9830,,43,44.1,713.5750
linux,,103,109.8,33.8070,,51,53.9,279.1990,,51,53.8,406.7850,,51,53.6,548.7790,,50,53.3,538.3500,,51,53.1,676.1340,,51,52.3,726.8910,,51,52.7,784.9230,,50,52.7,712.6930,,50,52.5,953.5490,,50,51.9,1070.5570
lpcmt,,94,99.3,30.5240,,43,45.9,270.4730,,44,45.4,287.1800,,42,44.7,387.3970,,43,44.7,402.4790,,41,44.3,599.4740,,42,43.8,737.9650,,42,43.3,814.9410,,42,43.5,785.5030,,41,43.6,698.9720,,41,43.3,812.3790
m5272c3,,100,107.4,39.6470,,50,51.9,276.8600,,49,50.6,404.3990,,47,48.6,626.3970,,48,49.0,656.2260,,48,49.8,666.7220,,47,48.2,1127.6800,,49,49.6,617.2400,,47,49.4,1087.0740,,47,48.7,1307.7750,,47,48.4,992.8820
mac7100evb,,89,94.6,34.0190,,43,45.0,236.6980,,42,45.0,257.0420,,41,44.0,349.3820,,43,43.8,499.7240,,42,43.5,607.6270,,40,43.2,621.1360,,42,43.4,677.6790,,42,43.6,668.1850,,42,43.6,839.6870,,43,44.0,613.5760
mace1,,92,96.9,31.5270,,44,45.7,261.9790,,43,44.7,347.3640,,42,44.0,425.1210,,42,43.7,592.7530,,41,43.0,651.9220,,43,44.2,531.6550,,41,43.7,646.8350,,43,44.3,590.8250,,43,44.0,755.9130,,43,43.6,853.7380
malta_mips32_4kc,,99,105.5,43.1280,,47,49.9,244.1610,,47,49.1,379.2290,,45,49.0,419.6520,,48,49.0,463.1010,,47,48.7,578.7060,,47,48.0,587.1210,,46,48.1,820.1630,,45,48.1,763.8850,,45,47.8,851.2580,,45,47.5,778.9020
malta_mips64_5kc,,99,103.7,31.9600,,47,49.0,299.8100,,46,49.2,317.0020,,47,48.5,406.8650,,46,48.4,480.2090,,47,48.0,555.4870,,46,47.4,619.6720,,46,47.4,693.6310,,45,47.5,576.6130,,47,47.6,538.2920,,46,47.4,847.8490
mb93091,,95,101.6,33.9400,,47,48.4,307.0120,,46,47.7,349.5950,,45,46.9,479.7240,,46,47.7,488.5620,,46,46.9,532.4980,,46,47.6,430.0450,,46,47.4,652.7400,,45,47.2,657.0620,,45,46.7,702.4410,,46,46.9,679.5440
mb93093,,96,101.8,33.2170,,46,48.7,299.0760,,47,48.2,378.4520,,45,47.0,488.7240,,45,47.2,588.9290,,46,47.2,524.2710,,45,47.2,517.9010,,46,47.0,679.5640,,45,46.8,810.8110,,46,47.1,960.3250,,46,47.4,740.7170
mbx,,94,103.9,34.2580,,48,49.8,292.3810,,47,48.5,404.2900,,47,48.5,424.4320,,45,47.1,657.7090,,47,48.1,508.4030,,45,47.6,570.5500,,46,46.9,771.2690,,45,47.6,748.3010,,46,47.9,834.4860,,46,47.4,909.8250
mcb2100,,88,95.8,39.8340,,44,45.0,253.8680,,43,44.4,343.6060,,42,44.5,350.3600,,42,43.7,475.8660,,42,43.3,553.8550,,42,43.9,555.0470,,41,43.8,669.7580,,42,43.7,621.5810,,42,43.0,882.4810,,41,43.6,743.8790
moab,,98,107.1,37.5680,,49,51.2,320.4540,,49,51.2,330.9850,,49,50.6,409.2840,,48,49.9,516.6430,,47,50.0,567.8440,,48,49.4,617.6700,,47,49.3,607.1750,,48,49.1,920.6240,,47,48.2,1265.5430,,48,49.3,1022.3900
mpc50,,90,96.4,28.9680,,43,45.0,253.2570,,43,45.0,297.7530,,42,44.4,372.2540,,43,44.4,395.0480,,42,43.8,448.9370,,42,43.6,449.3410,,42,43.7,471.9570,,42,43.4,641.2180,,40,43.4,693.6550,,42,43.2,605.3180
nano,,104,108.5,40.4250,,51,53.6,331.0430,,51,53.0,354.2620,,50,53.1,467.3740,,48,51.5,697.6120,,49,51.8,769.8730,,50,52.4,698.7820,,51,52.2,844.5470,,49,51.6,1044.7350,,49,51.2,1006.7600,,50,51.5,1009.4480
npwr,,96,101.0,35.7730,,47,48.8,324.4070,,45,48.2,396.3700,,46,47.4,390.5680,,46,46.7,518.5510,,46,47.5,475.3210,,45,46.7,726.4030,,46,47.3,575.0500,,46,46.6,780.5800,,46,47.5,717.3060,,45,46.8,1135.2140
ocelot,,98,102.8,33.0380,,48,49.0,328.4790,,46,48.1,362.7910,,45,47.9,418.6000,,47,47.7,570.5470,,46,48.2,615.2640,,46,48.2,499.3090,,46,47.6,769.5200,,46,48.3,714.6710,,46,47.1,1019.8260,,46,47.2,947.1580
olpce2294,,99,104.0,43.1770,,48,49.7,314.2180,,46,49.4,404.6700,,47,48.0,539.5080,,46,48.0,567.4240,,46,47.7,636.8590,,46,47.7,719.4220,,45,47.1,939.2100,,46,47.5,952.7000,,47,48.3,825.4550,,45,47.3,1056.4480
olpch2294,,95,98.4,42.2110,,44,45.9,277.4770,,44,45.5,320.7930,,43,45.3,385.6840,,42,43.5,592.1150,,42,44.2,592.5610,,42,44.3,628.6480,,43,44.3,451.8930,,43,44.3,589.1810,,42,44.1,764.9430,,43,43.9,862.6890
olpcl2294,,101,105.8,34.0460,,48,50.1,280.4750,,48,49.5,401.8920,,47,48.7,458.7570,,47,48.6,540.4920,,46,48.2,649.5500,,46,47.8,724.6190,,46,47.9,688.7330,,47,48.1,747.1360,,46,47.5,1037.5060,,45,47.4,945.3220
p2106,,94,98.4,35.0950,,43,45.2,275.0970,,44,44.9,337.8690,,42,44.0,435.7610,,43,43.8,467.1030,,42,44.3,486.6740,,43,44.2,545.0510,,42,43.3,622.6410,,41,43.6,693.9370,,42,43.6,751.8810,,42,43.7,916.4720
pati,,92,96.7,32.2510,,43,44.7,298.1170,,42,44.6,309.0430,,43,44.5,390.6140,,42,44.1,520.7600,,42,43.6,605.8610,,43,43.9,664.3620,,42,44.1,559.2070,,42,43.5,783.5560,,43,43.7,615.3840,,42,43.9,758.4280
pc_i82544,,96,104.0,48.2840,,48,49.8,314.1760,,47,48.5,444.0840,,47,48.5,480.4860,,47,48.7,468.7160,,45,48.0,653.1940,,46,48.5,727.5420,,46,47.6,867.4020,,45,47.4,1023.9580,,47,47.9,851.4280,,46,48.2,1009.9310
pc_i82559,,99,106.1,34.7620,,47,49.4,316.9590,,47,48.9,327.6310,,47,48.4,477.1910,,47,49.0,531.2040,,47,48.6,559.7010,,46,48.0,673.8130,,46,48.3,789.4370,,46,47.9,797.6440,,46,48.1,772.7410,,46,47.7,1151.1580
pc_rltk8139,,106,110.3,36.8840,,53,55.0,306.3100,,51,52.8,468.5160,,52,53.2,435.5440,,51,52.7,533.1690,,49,52.2,671.6120,,49,51.9,757.3500,,51,52.6,619.8520,,49,52.1,684.5610,,51,52.2,1179.9750,,50,52.4,828.9230
pc_usb_d12,,95,99.9,35.6690,,45,47.1,278.8120,,44,45.5,361.9140,,43,45.4,410.0350,,44,44.9,448.6730,,44,44.9,586.6130,,43,44.6,584.0310,,43,44.4,675.0060,,43,44.8,723.9820,,43,44.2,833.9290,,43,44.3,989.5190
pc_vmWare,,101,106.4,33.0710,,46,49.3,348.9530,,47,48.3,504.4730,,46,48.5,417.8530,,45,47.4,621.1400,,45,47.8,640.9450,,47,47.8,656.8170,,46,47.5,705.9790,,45,47.2,844.4060,,46,47.0,907.5560,,46,47.3,835.5820
phycore,,91,97.7,36.5240,,43,45.4,325.8150,,44,44.9,379.4040,,43,44.8,432.4620,,42,44.1,552.1760,,42,43.9,561.9350,,43,44.2,480.5760,,43,44.4,557.5820,,42,44.1,749.4140,,43,43.9,783.8370,,42,44.1,886.5270
phycore229x,,100,106.6,38.7750,,48,49.7,313.9900,,47,48.8,469.0490,,46,48.1,520.9270,,46,48.1,646.6980,,46,47.9,843.2710,,46,48.7,732.6320,,46,48.3,677.9150,,47,48.2,856.4470,,47,47.8,1185.1310,,46,46.8,1290.6770
picasso,,95,102.3,36.3260,,46,48.1,280.7770,,47,48.4,334.1220,,46,47.2,434.6560,,46,46.7,532.3970,,47,48.0,525.8910,,45,46.8,619.1220,,46,47.4,752.3920,,45,46.5,621.8390,,45,46.6,938.1870,,45,47.2,807.3990
pid,,90,96.7,31.5450,,44,45.1,264.9550,,44,44.9,312.1210,,41,43.8,398.1540,,43,44.4,382.4950,,42,44.2,557.5170,,43,44.3,457.6130,,41,43.1,712.7440,,43,43.9,638.5150,,42,43.7,543.3800,,41,43.6,893.6920
prpmc1100,,89,95.8,35.2070,,43,45.8,268.1140,,43,44.1,295.1060,,42,43.6,433.0090,,43,44.2,457.3000,,43,43.6,403.8940,,41,43.1,598.3390,,42,43.3,572.2800,,42,43.4,595.8210,,41,43.0,746.4340,,42,43.5,767.2400
psim,,86,93.5,30.7540,,42,45.3,229.3210,,43,44.6,243.0560,,42,44.0,372.4390,,41,43.5,315.9310,,41,43.3,470.9410,,42,43.3,494.5880,,43,43.9,565.4710,,42,43.0,703.4370,,42,43.9,578.5250,,42,43.6,592.7410
rattler,,104,110.9,38.6250,,51,52.8,367.0990,,50,52.3,431.7680,,49,52.5,444.8490,,50,51.2,781.6010,,49,51.4,755.3500,,49,51.0,815.4300,,48,50.7,954.0890,,48,50.7,909.9650,,48,50.8,1099.6720,,48,50.7,773.8730
ref4955,,91,94.7,30.2010,,44,44.8,265.1530,,42,44.4,348.4140,,43,44.2,405.9030,,41,43.6,527.3350,,43,44.4,425.3070,,42,44.0,529.3620,,43,43.7,600.7320,,42,43.5,736.2190,,42,43.5,735.3770,,42,43.8,653.8110
refidt334,,100,107.3,37.1660,,52,54.6,252.8090,,49,53.3,352.3900,,49,52.8,372.4330,,50,52.0,512.7650,,51,52.0,553.1100,,49,51.1,797.6580,,50,51.8,715.2060,,51,52.4,645.9780,,49,50.6,1019.4280,,50,51.5,921.1610
sa1100mm,,89,95.3,42.9080,,44,45.2,249.7290,,43,44.0,356.2200,,40,43.5,447.2560,,43,44.1,483.8200,,42,43.9,521.8430,,41,43.8,431.9710,,42,43.8,558.4370,,42,43.3,678.8530,,40,43.3,838.2030,,42,43.4,785.2930
sam7ex256,,101,104.7,37.5230,,47,50.3,293.1680,,46,48.6,377.9220,,48,48.4,470.2800,,46,47.9,584.5190,,45,47.4,774.7670,,46,47.7,769.9260,,45,46.8,918.4800,,44,47.3,997.6540,,46,47.8,1013.6490,,46,47.5,1028.3850
se7751,,109,113.8,39.4620,,52,54.2,337.9600,,51,52.5,445.2520,,50,52.1,619.4450,,50,52.2,569.4820,,51,51.8,633.1720,,50,51.3,843.5330,,49,51.0,892.9150,,50,51.6,770.4370,,49,51.0,1034.2710,,48,51.0,874.3790
sh4_202_md,,102,109.0,37.8240,,51,53.4,321.9950,,50,52.2,357.2950,,50,51.9,479.5030,,50,51.7,523.3680,,50,51.1,710.2260,,49,51.0,787.6660,,49,51.0,786.4500,,49,50.6,920.5550,,49,51.1,1051.6660,,50,51.3,1002.6500
sh7708,,111,117.8,37.9440,,56,57.9,399.5370,,55,56.8,516.9100,,54,55.2,687.8200,,53,55.5,742.2480,,52,54.8,1142.4560,,53,55.2,934.8410,,54,55.0,1194.8370,,53,54.5,1255.9210,,53,54.7,1191.6930,,53,54.9,1355.9020
skmb91302,,89,95.0,33.5430,,44,45.6,224.3600,,43,44.5,318.8590,,41,43.7,393.5420,,43,43.8,421.7350,,42,43.6,439.0760,,43,43.8,483.8200,,42,43.3,556.2380,,42,43.9,553.5320,,41,43.2,635.4750,,42,43.1,852.6590
sleb,,91,94.2,31.2400,,43,44.5,229.7460,,43,44.4,283.1220,,41,43.8,294.9420,,41,43.6,381.9850,,41,43.3,557.0890,,42,43.2,508.6890,,41,42.9,690.8900,,42,43.3,419.6700,,43,43.8,522.6500,,42,43.1,659.9340
smdk2410,,116,120.7,38.5800,,58,59.9,392.7330,,55,57.1,621.7330,,55,56.7,758.4310,,55,57.3,694.9390,,55,56.2,938.8540,,55,56.0,1080.7350,,55,55.8,1060.7300,,54,56.1,1384.5210,,54,55.6,1470.1850,,54,55.8,1723.8020
snds,,100,102.8,30.7170,,46,49.1,229.6430,,46,47.8,337.8030,,43,46.7,415.9130,,45,47.0,496.6660,,45,47.1,379.2370,,45,47.2,530.2930,,46,47.1,563.0300,,46,47.0,553.8990,,45,46.4,728.2800,,44,46.8,608.6020
sparc_erc32,,90,92.6,30.1440,,44,45.2,211.3140,,42,44.3,249.5740,,43,43.8,359.1360,,42,43.3,402.7810,,42,43.3,489.7550,,42,43.3,507.9080,,41,42.6,582.0020,,42,42.9,557.1090,,42,43.3,488.2770,,41,43.0,687.9360
sparc_leon,,88,92.2,31.9240,,44,45.1,208.7640,,43,44.1,277.0680,,42,43.1,394.2340,,42,43.3,412.8220,,42,44.1,311.6550,,42,43.6,419.4750,,42,43.1,544.3880,,42,43.4,432.6000,,42,42.8,639.3210,,41,42.3,732.0270
sparclite_sim,,90,94.3,34.7850,,42,44.5,251.0600,,43,44.4,272.3260,,42,43.7,357.1030,,42,43.7,409.0590,,41,43.3,546.0360,,41,43.0,497.6030,,43,44.0,521.3100,,42,43.3,647.8630,,42,43.4,573.6580,,42,43.3,651.8320
stb,,95,99.8,35.6230,,44,45.8,282.9080,,44,44.9,350.1300,,43,44.6,401.1790,,43,44.3,498.7920,,43,44.3,552.1140,,43,44.5,500.1170,,42,44.4,641.3960,,43,44.3,711.4400,,43,44.1,878.1310,,43,44.2,866.5440
stdeval1,,91,97.8,27.9300,,43,45.5,267.3310,,43,44.7,379.5230,,43,44.7,363.1550,,43,44.8,339.9800,,43,44.4,489.4610,,42,43.7,614.2580,,44,44.6,591.9770,,43,43.9,644.7580,,43,44.2,667.4320,,42,43.9,736.1800
stm3210e_eval,,93,95.8,35.4650,,44,45.6,302.8460,,43,45.1,304.9080,,43,44.9,410.5610,,42,44.3,500.3270,,42,44.0,516.2410,,42,43.8,782.6120,,44,44.8,506.6490,,43,44.0,628.8070,,43,43.8,620.8150,,43,44.6,819.1540
toybox,,16,16.1,0.8710,,13,13.4,1.5970,,13,13.0,1.8090,,13,13.0,1.8630,,13,13.0,1.6600,,13,13.1,1.2640,,13,13.0,2.6230,,13,13.0,1.7330,,13,13.0,1.9860,,13,13.0,2.6580,,13,13.0,1.1700
ts1000,,102,105.5,35.0910,,47,48.8,316.8890,,45,48.6,367.6220,,45,47.0,550.5970,,46,47.7,624.1140,,45,47.4,558.1670,,45,47.3,829.1230,,45,47.1,790.3480,,46,47.4,859.3750,,46,47.0,952.8710,,45,47.1,770.9250
ts6,,95,102.9,33.4150,,48,49.4,258.8280,,48,49.0,323.9270,,47,48.1,440.0120,,46,47.9,465.2440,,45,46.7,671.7810,,46,47.5,581.1580,,46,47.1,702.0370,,45,47.2,718.8170,,45,46.7,1016.2680,,45,47.9,647.3290
tx39_sim,,90,92.5,31.4630,,41,44.5,216.0910,,42,43.5,323.3440,,42,43.6,342.1610,,42,42.9,483.2960,,42,43.5,437.8290,,42,43.1,477.1390,,43,43.3,541.1840,,41,43.1,546.0830,,41,43.2,669.3240,,41,42.8,772.8120
uClinux-config,,64,65.4,1507.6220,,36,37.6,3495.1810,,36,37.2,3503.6770,,36,37.4,3514.9230,,36,37.5,3479.5530,,36,37.5,3487.4710,,36,37.3,3475.8080,,36,37.6,3452.2340,,36,37.2,3488.5630,,36,37.0,3509.3800,,36,37.3,3460.9420
uClinux,,21,21.6,13.2460,,13,13.0,29.7130,,13,13.0,26.0630,,13,13.0,25.2230,,13,13.0,24.5250,,13,13.0,24.3350,,13,13.0,24.1770,,13,13.0,23.7870,,13,13.0,23.5310,,13,13.0,23.8990,,13,13.0,23.4750
uE250,,97,99.7,36.2460,,47,49.1,267.4040,,46,48.5,355.2240,,46,47.1,493.7790,,45,47.4,591.6090,,46,47.7,553.5050,,46,47.7,626.9610,,46,47.0,664.0810,,44,47.1,718.5720,,45,46.4,1007.3240,,45,47.5,752.2550
vads,,95,100.5,39.2040,,47,49.7,250.6450,,46,48.5,406.7200,,46,48.2,411.0210,,45,47.7,555.2400,,45,47.5,556.0000,,45,47.3,751.7190,,46,48.3,716.2110,,46,47.4,800.5070,,46,46.9,1143.1050,,45,47.7,851.5090
viper,,93,102.3,41.0610,,48,49.9,299.6340,,46,48.9,368.2180,,47,48.3,472.8460,,46,47.4,611.5070,,46,47.3,733.6810,,46,47.9,627.1280,,47,48.0,635.3460,,46,47.3,859.3450,,46,47.0,1069.3110,,47,48.4,799.3470
vrc4373,,96,99.1,33.0720,,44,45.7,230.7590,,43,45.0,344.1160,,42,44.4,391.7870,,43,43.9,542.9460,,43,44.5,496.2800,,42,44.3,438.4500,,43,43.9,613.5060,,42,43.6,768.2780,,42,44.0,813.8720,,43,44.0,713.8140
vrc4375,,99,103.9,33.0900,,48,49.8,257.7870,,47,48.5,399.3080,,46,48.2,489.9490,,46,48.3,512.3770,,46,48.3,429.8010,,46,47.0,793.4290,,46,47.5,769.0970,,46,47.8,676.7570,,45,47.6,884.9870,,45,47.5,1176.0100
AVERAGE,,93.2016129032258,98.55,46.0905,,45.3951612903226,47.4,284.6446,,44.7338709677419,46.5927419354839,362.2245,,44.241935483871,46.0887096774194,440.8399,,44.1935483870968,45.8927419354839,503.5901,,43.991935483871,45.7,569.0212,,44.0322580645161,45.6766129032258,610.8229,,43.9435483870968,45.5,673.5707,,43.8467741935484,45.5,710.5684,,43.8709677419355,45.4,794.7436,,43.7903225806452,45.4201612903226,825.8771